Name,CAS,SMILES
Acetone,,
Water,,
Vanillin,,
Phenyl Ethyl Acetate,,O=C(OCCc1ccccc1)c2ccccc2
Ethyl Linalyl Acetate,61931-80-4,
α-Pinene 2,,
Tripal/Ligustral 1,,
cis-Hexenyl Salicylate,,
schembl11642654,,
Iso E Super,,
Heliotropin,,
Dimethyl Phenyl Ethyl Carbinol,,
Milk of Magnesia,,
Octanal,,
Citronellyl Nitrile,,
Rose Oxide,,
dl-Menthyl Acetate,,
iso-Butyl Quinoline Major,,
Linalyl Propionate,,
d-Limonene,,
para-Cymene,,
Lilial,,
Myrcene,,
Acrolein,,
Lyral/Kovanol,,
Methyl Ionone,,
Veloutone,,
Galaxolide,,
Isopropylamine,,
Verbenol,,
Alpha-Hexyl-Gamma-Butyrolactone,,
Cyclohexyl Isobutyrate,,
"Trimethyl 2-hydroxypropane-1,2,3-tricarboxylate",,
Erythritol,,
Indole,,
Campholene Acetate,,
Lepidine,,
Tert-Butyl Methyl Ether,,
Nectaryl,,
Methyl heptanoate,,
Propylene Oxide Ethylene Oxide Polymer Hexadecyl Ether,,
l-Lysine,,
DMBC Formate,,
Hexyl Propionate,,
Butyl Acetoacetate,,
Fructone,,
Caryophyllene Epoxide,,
unii-0t7h9ya5wz,,
Methionyl Butyrate,,
Hexyl Formate,,
Decyl Acetate,,
p-Menthane,,
dl-Alanine,,
Cinnamaldehyde,,
"p-Menthane-3,8-diol",,
Sodium Benzoate,,
Terpinolene,,
Pyridine,,
Pentaborane 9,,
Capric acid,,
S-Methyl thioacetate,,
"1,1-diamino-2,2-dinitroethylene",,
" 2,4,6-triamino-1,3,5-trinitrobenzene",,
Tetrachloromethane,,
"2,4-Dinitrophenol",,
Homovanillin,,
Hexyl Cinnamate,,
Arsole,,
trans-Linalool oxide,,
beta-Cubebene,,
Osthole,,
Sodium saccharin dihydrate,,
Myrtenol,,
Myrac aldehyde,,
Benzyl isovalerate,,
Pyrrole,,
l-Leucine,,
alpha-Campholenol,,
5z-Octenyl acetate,,
Isomintlactone,,
Diethyl maleate,,
Butyl phenylacetate,,
Methyl crotonate,,
Sodium erythorbate,,
Myraldyl acetate,,
Menglytate,,
Methyl Cellulose,,
Farnesyl palmitoleate,,
tert-Butanol,,
beta-Cadinene,,
Propionic anhydride,,
Triethanolamine salicylate,,
Potassium citrate,,
Methyl furfuracrylate,,
Quinine,,
o-Xylene,,
l-Menthol,,
"(1R,2S,5R)-5-methyl-2-propan-2-ylcyclohexan-1-ol",,
Butyl tiglate,,
Aldehyde C10,,
